role_purpose_hint,usage_events,input_tokens,cached_input_tokens,output_tokens
guardian/unknown,48,1281675,1073152,5404
implementation/discovery,35,2015491,1824896,6669
implementation/checks,63,3377368,3130624,44163
implementation/code_intelligence,6,263056,252160,785
implementation/dependency_setup,6,270273,244480,2947
implementation/dev_server_or_mixed,12,809495,797184,4029
implementation/waiting_or_polling,26,1668311,1642752,1869
implementation/browser_validation,41,2830598,2729856,21731
coordinator/discovery,26,2839894,2756096,14891
coordinator/browser_validation,24,3122621,3013248,27865
coordinator/checks,11,1031473,1002752,5642
coordinator/code_intelligence,4,295093,281344,3248
coordinator/dev_server_or_mixed,5,696003,682752,10074
coordinator/waiting_or_polling,35,4593089,4546688,31499
coordinator/other,14,1765447,1753856,468
coordinator/file_editing,7,1080599,1003392,11569
coordinator/dependency_setup,1,100894,99328,1862
planner_or_review/unknown,2,52718,14336,1215
